﻿DataTable,DataColumn,Data1,Data2,DataCatalog,OntologyDashboard,Comments
CompanyAssociations,Id,18267861294,18267861533,,,
CompanyAssociations,AssociationId,3153501,3153501,,,
CompanyAssociations,Type,Contact,Contact,,,
ContactAssociations,Id,18267795368,18267795552,,,
ContactAssociations,Id,2911301,2911301,,,
ContactAssociations,About_Us,,,,,
ContactAssociations,Additional_Domains,,,,,
ContactAssociations,All_owner_ids,592349970,592349970,,,
ContactAssociations,All_team_ids,38489647,38489647,,,
ContactAssociations,All_teams,38027594;38027836;38489647;38490630;40590399;40621439;40923307;40923626;41438310,38027594;38027836;38489647;38490630;40590399;40621439;40923307;40923626;41438310,,,
ContactAssociations,Annual_Revenue,50000000.000000,10000000.000000,,,
ContactAssociations,Annual_Revenue_Currency_Code,,,,,
ContactAssociations,Archived,false,false,,,
ContactAssociations,AssociationId,18314426993,16358805266,,,
ContactAssociations,Avatar_FileManager_key,hubfs/2459647/defaults/company.png,,,,
ContactAssociations,Business_units,,,,,
ContactAssociations,Campaign_of_last_booking_in_meetings_tool,,,,,
ContactAssociations,City,Fort Lauderdale,Coconut Grove,,,
ContactAssociations,Close_Date,,,,,
ContactAssociations,ClosedateTimestampEarliestValueA2a17e6e,,,,,
ContactAssociations,Company_Domain_Name,bahiamaryachtingcenter.com,bayshorelandingmarina.com,,,
ContactAssociations,Company_name,Bahia Mar Yachting Center,Bayshore Landing Marina,,,
ContactAssociations,Company_owner,592349970,592349970,,,
ContactAssociations,Country/Region,United States,,,,
ContactAssociations,Create_Date,1701289046369,1701289189324,,,
ContactAssociations,CreatedAt,1701289046369,1701289189324,,,
ContactAssociations,Created_by_user_ID,61494438.000000,61494438.000000,,,
ContactAssociations,Date_entered_'Customer__Lifecycle_Stage_Pipeline_',,,,,
ContactAssociations,Date_entered_'Evangelist__Lifecycle_Stage_Pipeline_',,,,,
ContactAssociations,Date_entered_'Lead__Lifecycle_Stage_Pipeline_',1701289046369,1701289189324,,,
ContactAssociations,Date_entered_'Marketing_Qualified_Lead__Lifecycle_Stage_Pipeline_',,,,,
ContactAssociations,Date_entered_'Opportunity__Lifecycle_Stage_Pipeline_',,,,,
ContactAssociations,Date_entered_'Other__Lifecycle_Stage_Pipeline_',,,,,
ContactAssociations,Date_entered_'Sales_Qualified_Lead__Lifecycle_Stage_Pipeline_',,,,,
ContactAssociations,Date_entered_'Subscriber__Lifecycle_Stage_Pipeline_',,,,,
ContactAssociations,Date_exited_'Customer__Lifecycle_Stage_Pipeline_',,,,,
ContactAssociations,Date_exited_'Evangelist__Lifecycle_Stage_Pipeline_',,,,,
ContactAssociations,Date_exited_'Lead__Lifecycle_Stage_Pipeline_',,,,,
ContactAssociations,Date_exited_'Marketing_Qualified_Lead__Lifecycle_Stage_Pipeline_',,,,,
ContactAssociations,Date_exited_'Opportunity__Lifecycle_Stage_Pipeline_',,,,,
ContactAssociations,Date_exited_'Other__Lifecycle_Stage_Pipeline_',,,,,
ContactAssociations,Date_exited_'Sales_Qualified_Lead__Lifecycle_Stage_Pipeline_',,,,,
ContactAssociations,Date_exited_'Subscriber__Lifecycle_Stage_Pipeline_',,,,,
ContactAssociations,Date_of_last_meeting_booked_in_meetings_tool,,,,,
ContactAssociations,Days_to_Close,,,,,
ContactAssociations,Description,"Bahia Mar Resort and Yachting Center is the ultimate Hotel and Marina destination in the heart of Fort Lauderdale, FL. Come explore your place in the sun!",,,,
ContactAssociations,Facebook_Company_Page,,,,,
ContactAssociations,Facebook_Fans,,,,,
ContactAssociations,FirstContactCreatedateTimestampEarliestValue78b50eea,,,,,
ContactAssociations,FirstConversionDateTimestampEarliestValue61f58f2c,,,,,
ContactAssociations,FirstConversionEventNameTimestampEarliestValue68ddae0a,,,,,
ContactAssociations,First_Contact_Create_Date,,,,,
ContactAssociations,First_Conversion,,,,,
ContactAssociations,First_Conversion_Date,,,,,
ContactAssociations,First_Deal_Created_Date,,,,,
ContactAssociations,First_Touch_Converting_Campaign,,,,,
ContactAssociations,Google_Plus_Page,,,,,
ContactAssociations,HsAnalyticsFirstTimestampTimestampEarliestValue11e3a63a,,,,,
ContactAssociations,HsAnalyticsFirstTouchConvertingCampaignTimestampEarliestValue4757fe10,,,,,
ContactAssociations,HsAnalyticsFirstVisitTimestampTimestampEarliestValueAccc17ae,,,,,
ContactAssociations,HsAnalyticsLastTimestampTimestampLatestValue4e16365a,,,,,
ContactAssociations,HsAnalyticsLastTouchConvertingCampaignTimestampLatestValue81a64e30,,,,,
ContactAssociations,HsAnalyticsLastVisitTimestampTimestampLatestValue999a0fce,,,,,
ContactAssociations,HsAnalyticsNumPageViewsCardinalitySumE46e85b0,,,,,
ContactAssociations,HsAnalyticsNumVisitsCardinalitySum53d952a6,,,,,
ContactAssociations,HsAnalyticsSourceData1TimestampEarliestValue9b2f1fa1,,,,,
ContactAssociations,HsAnalyticsSourceData2TimestampEarliestValue9b2f9400,,,,,
ContactAssociations,HsAnalyticsSourceTimestampEarliestValue25a3a52c,,,,,
ContactAssociations,HsPredictivecontactscoreV2NextMaxMaxD4e58c1e,,,,,
ContactAssociations,HubSpot_Owner_Email,,,,,
ContactAssociations,HubSpot_Owner_Name,,,,,
ContactAssociations,HubSpot_Score,,,,,
ContactAssociations,HubSpot_Team,38489647,38489647,,,
ContactAssociations,Ideal_Customer_Profile_Tier,,,,,
ContactAssociations,Industry,HEALTH_WELLNESS_AND_FITNESS,,,,
ContactAssociations,Is_Public,false,,,,
ContactAssociations,Last_Activity_Date,,,,,
ContactAssociations,Last_Booked_Meeting_Date,,,,,
ContactAssociations,Last_Contacted,,,,,
ContactAssociations,Last_Engagement_Date,,,,,
ContactAssociations,Last_Engagement_Type,,,,,
ContactAssociations,Last_Logged_Call_Date,,,,,
ContactAssociations,Last_Modified_Date,1707496103668,1706895570405,,,
ContactAssociations,Last_Open_Task_Date,,,,,
ContactAssociations,Last_Touch_Converting_Campaign,,,,,
ContactAssociations,Latest_Source,,,,,
ContactAssociations,Latest_Source_Data_1,,,,,
ContactAssociations,Latest_Source_Data_2,,,,,
ContactAssociations,Latest_Source_Timestamp,,,,,
ContactAssociations,Latest_create_date_of_active_subscriptions,,,,,
ContactAssociations,Latest_meeting_activity,,,,,
ContactAssociations,Lead_Status,,,,,
ContactAssociations,Lifecycle_Stage,lead,lead,,,
ContactAssociations,Likelihood_to_close,,,,,
ContactAssociations,LinkedIn_Bio,"Bahia Mar Resort and Yachting Center is the ultimate Hotel and Marina destination in the heart of Fort Lauderdale, FL. Come explore your place in the sun!",,,,
ContactAssociations,LinkedIn_Company_Page,,,,,
ContactAssociations,Medium_of_last_booking_in_meetings_tool,,,,,
ContactAssociations,Merged_Company_IDs,,,,,
ContactAssociations,Next_Activity_Date,,,,,
ContactAssociations,NumConversionEventsCardinalitySumD095f14b,,,,,
ContactAssociations,Number_of_Associated_Contacts,0.000000,0.000000,,,
ContactAssociations,Number_of_Associated_Deals,,,,,
ContactAssociations,Number_of_Employees,200.000000,10.000000,,,
ContactAssociations,Number_of_Form_Submissions,,,,,
ContactAssociations,Number_of_Pageviews,,,,,
ContactAssociations,Number_of_Sales_Activities,,,,,
ContactAssociations,Number_of_Sessions,,,,,
ContactAssociations,Number_of_blockers,0.000000,0.000000,,,
ContactAssociations,Number_of_child_companies,0.000000,0.000000,,,
ContactAssociations,Number_of_contacts_with_a_buying_role,0.000000,0.000000,,,
ContactAssociations,Number_of_decision_makers,0.000000,0.000000,,,
ContactAssociations,Number_of_open_deals,0.000000,0.000000,,,
ContactAssociations,Number_of_times_contacted,,,,,
ContactAssociations,Object_create_date/time,,,,,
ContactAssociations,Original_Source_Data_1,,,,,
ContactAssociations,Original_Source_Data_2,,,,,
ContactAssociations,Original_Source_Type,,,,,
ContactAssociations,Owner_Assigned_Date,1701289046369,1701289189324,,,
ContactAssociations,Parent_Company,,,,,
ContactAssociations,Performed_in_an_import,,,,,
ContactAssociations,Phone_Number,+1 954-627-6309,,,,
ContactAssociations,Pinned_Engagement_ID,,,,,
ContactAssociations,Pipeline,companies-lifecycle-pipeline,companies-lifecycle-pipeline,,,
ContactAssociations,Postal_Code,33316,33133,,,
ContactAssociations,Read_Only_Object,,,,,
ContactAssociations,RecentConversionDateTimestampLatestValue72856da1,,,,,
ContactAssociations,RecentConversionEventNameTimestampLatestValue66c820bf,,,,,
ContactAssociations,Recent_Conversion,,,,,
ContactAssociations,Recent_Conversion_Date,,,,,
ContactAssociations,Recent_Deal_Amount,,,,,
ContactAssociations,Recent_Deal_Close_Date,,,,,
ContactAssociations,Recent_Sales_Email_Replied_Date,,,,,
ContactAssociations,Record_Creation_Source,CRM_UI,CRM_UI,,,
ContactAssociations,Record_Creation_Source_ID,userId:61494438,userId:61494438,,,
ContactAssociations,Record_Creation_Source_User_ID,61494438.000000,61494438.000000,,,
ContactAssociations,Record_ID,18267795368.000000,18267795552.000000,,,
ContactAssociations,Record_Source,CRM_UI,CRM_UI,,,
ContactAssociations,Record_Source_Detail_1,,,,,
ContactAssociations,Record_Source_Detail_2,,,,,
ContactAssociations,Record_Source_Detail_3,,,,,
ContactAssociations,Source_Object_ID,,,,,
ContactAssociations,Source_of_last_booking_in_meetings_tool,,,,,
ContactAssociations,State/Region,FL,Florida,,,
ContactAssociations,Street_Address,801 Seabreeze Boulevard,,,,
ContactAssociations,Street_Address_2,,,,,
ContactAssociations,Target_Account,,,,,
ContactAssociations,Target_Account2,,,,,
ContactAssociations,Target_Account_Probability,0.407623,0.407623,,,
ContactAssociations,Target_Account_Recommendation_Snooze_Time,,,,,
ContactAssociations,Target_Account_Recommendation_State,,,,,
ContactAssociations,Time_First_Seen,,,,,
ContactAssociations,Time_Last_Seen,,,,,
ContactAssociations,Time_Zone,America/New_York,America/New York,,,
ContactAssociations,Time_in_'Customer__Lifecycle_Stage_Pipeline_',,,,,
ContactAssociations,Time_in_'Evangelist__Lifecycle_Stage_Pipeline_',,,,,
ContactAssociations,Time_in_'Lead__Lifecycle_Stage_Pipeline_',6752894997.000000,6752752041.000000,,,
ContactAssociations,Time_in_'Marketing_Qualified_Lead__Lifecycle_Stage_Pipeline_',,,,,
ContactAssociations,Time_in_'Opportunity__Lifecycle_Stage_Pipeline_',,,,,
ContactAssociations,Time_in_'Other__Lifecycle_Stage_Pipeline_',,,,,
ContactAssociations,Time_in_'Sales_Qualified_Lead__Lifecycle_Stage_Pipeline_',,,,,
ContactAssociations,Time_in_'Subscriber__Lifecycle_Stage_Pipeline_',,,,,
ContactAssociations,Time_of_First_Session,,,,,
ContactAssociations,Time_of_Last_Session,,,,,
ContactAssociations,Total_Money_Raised,,,,,
ContactAssociations,Total_Revenue,,,,,
ContactAssociations,Total_open_deal_value,,,,,
ContactAssociations,Twitter_Bio,,,,,
ContactAssociations,Twitter_Followers,,,,,
ContactAssociations,Twitter_Handle,BahiaMarMarina,,,,
ContactAssociations,Type,Company,Deal,,,
ContactAssociations,Type,,,,,
ContactAssociations,Unique_creation_key,,,,,
ContactAssociations,UpdatedAt,1707496103668,1706895570405,,,
ContactAssociations,Updated_by_user_ID,61494438.000000,61494438.000000,,,
ContactAssociations,User_IDs_of_all_notification_followers,,,,,
ContactAssociations,User_IDs_of_all_notification_unfollowers,,,,,
ContactAssociations,User_IDs_of_all_owners,61494438,61494438,,,
ContactAssociations,Web_Technologies,wordpress;google_tag_manager;dstillery;gravity_forms;media_math;app_nexus;go_squared;recaptcha;cloud_flare;google_analytics,,,,
ContactAssociations,Website_URL,bahiamaryachtingcenter.com,bayshorelandingmarina.com,,,
ContactAssociations,Year_Founded,,,,,
ContactAssociations,last_sales_activity_date_old,,,,,
Contacts,Id,1,51,,,
Contacts,Additional_email_addresses,,,,,
Contacts,Ads_Consent_from_Forms,,,,,
Contacts,All_form_submissions_for_a_contact,,,,,
Contacts,All_owner_ids,,,,,
Contacts,All_team_ids,,,,,
Contacts,All_teams,,,,,
Contacts,All_vids_for_a_contact,1,51,,,
Contacts,Anniversary,,,,,
Contacts,Annual_Revenue,,,,,
Contacts,Archived,false,false,,,
Contacts,Associated_Company_Last_Updated,,,,,
Contacts,Avatar_FileManager_key,,,,,
Contacts,Average_Pageviews,0.000000,0.000000,,,
Contacts,Became_a_Customer_Date,,,,,
Contacts,Became_a_Lead_Date,1695240097011,1695240097459,,,
Contacts,Became_a_Marketing_Qualified_Lead_Date,,,,,
Contacts,Became_a_Sales_Qualified_Lead_Date,,,,,
Contacts,Became_a_Subscriber_Date,,,,,
Contacts,Became_an_Evangelist_Date,,,,,
Contacts,Became_an_Opportunity_Date,,,,,
Contacts,Became_an_Other_Lifecycle_Date,,,,,
Contacts,Birthday,,,,,
Contacts,Broadcast_Clicks,0.000000,0.000000,,,
Contacts,Business_units,,,,,
Contacts,Buying_Role,,,,,
Contacts,Calculated_Mobile_Number_in_International_Format,,,,,
Contacts,Calculated_Mobile_Number_with_country_code,,,,,
Contacts,Calculated_Mobile_Number_without_country_code,,,,,
Contacts,Calculated_Phone_Number_Area_Code,,,,,
Contacts,Calculated_Phone_Number_Country_Code,,,,,
Contacts,Calculated_Phone_Number_Region,,,,,
Contacts,Calculated_Phone_Number_in_International_Format,,,,,
Contacts,Calculated_Phone_Number_with_country_code,,,,,
Contacts,Calculated_Phone_Number_without_country_code,,,,,
Contacts,Campaign_of_last_booking_in_meetings_tool,,,,,
Contacts,City,Brisbane,Cambridge,,,
Contacts,Clicked_Facebook_ad,,,,,
Contacts,Clicked_LinkedIn_Ad,,,,,
Contacts,Clicked_on_a_LinkedIn_Ad,,,,,
Contacts,Close_Date,,,,,
Contacts,Company_Name,HubSpot,HubSpot,,,
Contacts,Company_size,,,,,
Contacts,Contact_has_an_active_subscription,,,,,
Contacts,Contact_owner,,,,,
Contacts,Contact_priority,tier_2,tier_2,,,
Contacts,Contact_unworked,true,true,,,
Contacts,Conversations_visitor_email,,,,,
Contacts,Count_of_engaged_contacts,,,,,
Contacts,Count_of_unengaged_contacts,,,,,
Contacts,Country/Region,,,,,
Contacts,Create_Date,1695240097031,1695240097459,,,
Contacts,CreatedAt,1695240097031,1695240097459,,,
Contacts,Created_By_Conversations,,,,,
Contacts,Created_by_user_ID,,,,,
Contacts,"Cumulative_time_in_""Customer__Lifecycle_Stage_Pipeline_""",,,,,
Contacts,"Cumulative_time_in_""Evangelist__Lifecycle_Stage_Pipeline_""",,,,,
Contacts,"Cumulative_time_in_""Lead__Lifecycle_Stage_Pipeline_""",,,,,
Contacts,"Cumulative_time_in_""Marketing_Qualified_Lead__Lifecycle_Stage_Pipeline_""",,,,,
Contacts,"Cumulative_time_in_""Opportunity__Lifecycle_Stage_Pipeline_""",,,,,
Contacts,"Cumulative_time_in_""Other__Lifecycle_Stage_Pipeline_""",,,,,
Contacts,"Cumulative_time_in_""Sales_Qualified_Lead__Lifecycle_Stage_Pipeline_""",,,,,
Contacts,"Cumulative_time_in_""Subscriber__Lifecycle_Stage_Pipeline_""",,,,,
Contacts,Currently_in_Sequence,,,,,
Contacts,Currently_in_workflow,,,,,
Contacts,Customer_Type,,,,,
Contacts,"Date_entered_""Customer__Lifecycle_Stage_Pipeline_""",,,,,
Contacts,"Date_entered_""Evangelist__Lifecycle_Stage_Pipeline_""",,,,,
Contacts,"Date_entered_""Lead__Lifecycle_Stage_Pipeline_""",1695240097011,1695240097459,,,
Contacts,"Date_entered_""Marketing_Qualified_Lead__Lifecycle_Stage_Pipeline_""",,,,,
Contacts,"Date_entered_""Opportunity__Lifecycle_Stage_Pipeline_""",,,,,
Contacts,"Date_entered_""Other__Lifecycle_Stage_Pipeline_""",,,,,
Contacts,"Date_entered_""Sales_Qualified_Lead__Lifecycle_Stage_Pipeline_""",,,,,
Contacts,"Date_entered_""Subscriber__Lifecycle_Stage_Pipeline_""",,,,,
Contacts,Date_entered_'Customer__Lifecycle_Stage_Pipeline_',,,,,
Contacts,Date_entered_'Evangelist__Lifecycle_Stage_Pipeline_',,,,,
Contacts,Date_entered_'Lead__Lifecycle_Stage_Pipeline_',1695240097011,1695240097459,,,
Contacts,Date_entered_'Marketing_Qualified_Lead__Lifecycle_Stage_Pipeline_',,,,,
Contacts,Date_entered_'Opportunity__Lifecycle_Stage_Pipeline_',,,,,
Contacts,Date_entered_'Other__Lifecycle_Stage_Pipeline_',,,,,
Contacts,Date_entered_'Sales_Qualified_Lead__Lifecycle_Stage_Pipeline_',,,,,
Contacts,Date_entered_'Subscriber__Lifecycle_Stage_Pipeline_',,,,,
Contacts,"Date_exited_""Customer__Lifecycle_Stage_Pipeline_""",,,,,
Contacts,"Date_exited_""Evangelist__Lifecycle_Stage_Pipeline_""",,,,,
Contacts,"Date_exited_""Lead__Lifecycle_Stage_Pipeline_""",,,,,
Contacts,"Date_exited_""Marketing_Qualified_Lead__Lifecycle_Stage_Pipeline_""",,,,,
Contacts,"Date_exited_""Opportunity__Lifecycle_Stage_Pipeline_""",,,,,
Contacts,"Date_exited_""Other__Lifecycle_Stage_Pipeline_""",,,,,
Contacts,"Date_exited_""Sales_Qualified_Lead__Lifecycle_Stage_Pipeline_""",,,,,
Contacts,"Date_exited_""Subscriber__Lifecycle_Stage_Pipeline_""",,,,,
Contacts,Date_exited_'Customer__Lifecycle_Stage_Pipeline_',,,,,
Contacts,Date_exited_'Evangelist__Lifecycle_Stage_Pipeline_',,,,,
Contacts,Date_exited_'Lead__Lifecycle_Stage_Pipeline_',,,,,
Contacts,Date_exited_'Marketing_Qualified_Lead__Lifecycle_Stage_Pipeline_',,,,,
Contacts,Date_exited_'Opportunity__Lifecycle_Stage_Pipeline_',,,,,
Contacts,Date_exited_'Other__Lifecycle_Stage_Pipeline_',,,,,
Contacts,Date_exited_'Sales_Qualified_Lead__Lifecycle_Stage_Pipeline_',,,,,
Contacts,Date_exited_'Subscriber__Lifecycle_Stage_Pipeline_',,,,,
Contacts,Date_of_birth,,,,,
Contacts,Date_of_first_engagement,,,,,
Contacts,Date_of_last_meeting_booked_in_meetings_tool,,,,,
Contacts,Days_To_Close,,,,,
Contacts,Degree,,,,,
Contacts,Description_of_first_engagement,,,,,
Contacts,Docks,,,,,
Contacts,Domain_to_which_registration_email_was_sent,,,,,
Contacts,Email,emailmaria@hubspot.com,bh@hubspot.com,,,
Contacts,Email_Address_Quarantined,,,,,
Contacts,Email_Address_Recipient_Fatigue_Next_Available_Sending_Time,,,,,
Contacts,Email_Confirmed,,,,,
Contacts,Email_Domain,hubspot.com,hubspot.com,,,
Contacts,Email_Lists,,,,,
Contacts,Email_address_automated_quarantine_reason,,,,,
Contacts,Email_address_quarantine_reason,,,,,
Contacts,Email_hard_bounce_reason,,,,,
Contacts,Email_hard_bounce_reason2,,,,,
Contacts,Event_Revenue,0.000000,0.000000,,,
Contacts,Facebook_Clicks,0.000000,0.000000,,,
Contacts,Facebook_ID,,,,,
Contacts,Facebook_click_id,,,,,
Contacts,Fax_Number,,,,,
Contacts,Field_of_study,,,,,
Contacts,First_Conversion,,,,,
Contacts,First_Conversion_Date,,,,,
Contacts,First_Deal_Created_Date,,,,,
Contacts,First_Name,Maria,Brian,,,
Contacts,First_Page_Seen,,,,,
Contacts,First_Referring_Site,,,,,
Contacts,First_Touch_Converting_Campaign,,,,,
Contacts,First_marketing_email_click_date,,,,,
Contacts,First_marketing_email_open_date,,,,,
Contacts,First_marketing_email_reply_date,,,,,
Contacts,First_marketing_email_send_date,,,,,
Contacts,First_outreach_date,,,,,
Contacts,First_subscription_create_date,,,,,
Contacts,Follower_Count,,,,,
Contacts,Gender,,,,,
Contacts,Google_Plus_Clicks,0.000000,0.000000,,,
Contacts,Google_ad_click_id,,,,,
Contacts,Graduation_date,,,,,
Contacts,HubSpot_Owner_Email__legacy_,,,,,
Contacts,HubSpot_Owner_Name__legacy_,,,,,
Contacts,HubSpot_Score,,,,,
Contacts,HubSpot_Team,,,,,
Contacts,ID_of_first_engagement,,,,,
Contacts,IP_City,,,,,
Contacts,IP_Country,,,,,
Contacts,IP_Country_Code,,,,,
Contacts,IP_Latitude_&_Longitude,,,,,
Contacts,IP_State/Region,,,,,
Contacts,IP_State_Code/Region_Code,,,,,
Contacts,IP_Timezone,,,,,
Contacts,IP_Zipcode,,,,,
Contacts,Industry,,,,,
Contacts,Invalid_email_address,,,,,
Contacts,Is_a_contact,true,true,,,
Contacts,Is_globally_ineligible,,,,,
Contacts,Job_Title,Salesperson,CEO,,,
Contacts,Job_function,,,,,
Contacts,Klout_Score,,,,,
Contacts,Last_Activity_Date,,,,,
Contacts,Last_Contacted,,,,,
Contacts,Last_Engagement_Date,,,,,
Contacts,Last_Engagement_Type,,,,,
Contacts,Last_Modified_Date,1704818093756,1704818093756,,,
Contacts,Last_NPS_survey_comment,,,,,
Contacts,Last_NPS_survey_date,,,,,
Contacts,Last_NPS_survey_rating,,,,,
Contacts,Last_Name,Johnson (Sample Contact),Halligan (Sample Contact),,,
Contacts,Last_Page_Seen,,,,,
Contacts,Last_Referring_Site,,,,,
Contacts,Last_Touch_Converting_Campaign,,,,,
Contacts,Last_Updated,,,,,
Contacts,Last_marketing_email_click_date,,,,,
Contacts,Last_marketing_email_name,,,,,
Contacts,Last_marketing_email_open_date,,,,,
Contacts,Last_marketing_email_reply_date,,,,,
Contacts,Last_marketing_email_send_date,,,,,
Contacts,Last_sequence_ended_date,,,,,
Contacts,Last_sequence_enrolled,,,,,
Contacts,Last_sequence_enrolled_date,,,,,
Contacts,Last_sequence_finished_date,,,,,
Contacts,Last_sequence_unenrolled_date,,,,,
Contacts,Latest_Disqualified_Lead_Date,,,,,
Contacts,Latest_Open_Lead_Date,,,,,
Contacts,Latest_Qualified_Lead_Date,,,,,
Contacts,Latest_Source,OFFLINE,OFFLINE,,,
Contacts,Latest_Source_Date,1695240097126,1695240097559,,,
Contacts,Latest_Source_DrillDown_1,API,API,,,
Contacts,Latest_Source_DrillDown_2,sample-contact,sample-contact,,,
Contacts,Latest_meeting_activity,,,,,
Contacts,Latest_subscription_create_date,,,,,
Contacts,"Latest_time_in_""Customer__Lifecycle_Stage_Pipeline_""",,,,,
Contacts,"Latest_time_in_""Evangelist__Lifecycle_Stage_Pipeline_""",,,,,
Contacts,"Latest_time_in_""Lead__Lifecycle_Stage_Pipeline_""",,,,,
Contacts,"Latest_time_in_""Marketing_Qualified_Lead__Lifecycle_Stage_Pipeline_""",,,,,
Contacts,"Latest_time_in_""Opportunity__Lifecycle_Stage_Pipeline_""",,,,,
Contacts,"Latest_time_in_""Other__Lifecycle_Stage_Pipeline_""",,,,,
Contacts,"Latest_time_in_""Sales_Qualified_Lead__Lifecycle_Stage_Pipeline_""",,,,,
Contacts,"Latest_time_in_""Subscriber__Lifecycle_Stage_Pipeline_""",,,,,
Contacts,Lead_Rating,,,,,
Contacts,Lead_Status,,,,,
Contacts,Lead_response_time,,,,,
Contacts,Legal_basis_for_processing_contact's_data,,,,,
Contacts,Lifecycle_Stage,lead,lead,,,
Contacts,Likelihood_to_close,2.110000,2.110000,,,
Contacts,LinkedIn_Bio,,,,,
Contacts,LinkedIn_Clicks,0.000000,0.000000,,,
Contacts,LinkedIn_Connections,,,,,
Contacts,Linkedin_ID,,,,,
Contacts,Marital_Status,,,,,
Contacts,Marketing_contact_status,true,true,,,
Contacts,Marketing_contact_status_source_name,44768650,44768650,,,
Contacts,Marketing_contact_status_source_type,USER_SET,USER_SET,,,
Contacts,Marketing_contact_until_next_update,false,false,,,
Contacts,Marketing_email_confirmation_status,,,,,
Contacts,Marketing_emails_bounced,,,,,
Contacts,Marketing_emails_clicked,,,,,
Contacts,Marketing_emails_delivered,,,,,
Contacts,Marketing_emails_opened,,,,,
Contacts,Marketing_emails_replied,,,,,
Contacts,Medium_of_last_booking_in_meetings_tool,,,,,
Contacts,Member_email,,,,,
Contacts,Membership_Notes,,,,,
Contacts,Merged_Contact_IDs,,,,,
Contacts,Merged_vids_with_timestamps_of_a_contact,,,,,
Contacts,Message,,,,,
Contacts,Military_status,,,,,
Contacts,Mobile_Phone_Number,,,,,
Contacts,Most_Recent_Social_Click,,,,,
Contacts,Next_Activity_Date,,,,,
Contacts,Number_of_Associated_Deals,,,,,
Contacts,Number_of_Employees,,,,,
Contacts,Number_of_Form_Submissions,0.000000,0.000000,,,
Contacts,Number_of_Pageviews,0.000000,0.000000,,,
Contacts,Number_of_Sales_Activities,,,,,
Contacts,Number_of_Sessions,0.000000,0.000000,,,
Contacts,Number_of_Unique_Forms_Submitted,0.000000,0.000000,,,
Contacts,Number_of_event_completions,0.000000,0.000000,,,
Contacts,Number_of_sequences_actively_enrolled,0.000000,0.000000,,,
Contacts,Number_of_sequences_enrolled,,,,,
Contacts,Number_of_times_contacted,,,,,
Contacts,Object_create_date/time,,,,,
Contacts,Object_last_modified_date/time,,,,,
Contacts,Opted_out_of_emailMarketing_Information,,,,,
Contacts,Opted_out_of_emailOne_to_One,,,,,
Contacts,Original_Source,OFFLINE,OFFLINE,,,
Contacts,Original_Source_DrillDown_1,API,API,,,
Contacts,Original_Source_DrillDown_2,sample-contact,sample-contact,,,
Contacts,Owner_Assigned_Date,,,,,
Contacts,Performed_in_an_import,,,,,
Contacts,Persona,,,,,
Contacts,Phone_Number,,,,,
Contacts,Photo,,,,,
Contacts,Pinned_engagement_ID,,,,,
Contacts,Pipeline,contacts-lifecycle-pipeline,contacts-lifecycle-pipeline,,,
Contacts,Postal_Code,,,,,
Contacts,Predictive_Lead_Score,,,,,
Contacts,Preferred_language,,,,,
Contacts,Primary_Associated_Company_ID,,,,,
Contacts,Primary_Marina,,,,,
Contacts,Read_Only_Object,,,,,
Contacts,Recent_Conversion,,,,,
Contacts,Recent_Conversion_Date,,,,,
Contacts,Recent_Deal_Amount,,,,,
Contacts,Recent_Deal_Close_Date,,,,,
Contacts,Recent_Document_Revisit_Date,,,,,
Contacts,Recent_Sales_Email_Clicked_Date,,,,,
Contacts,Recent_Sales_Email_Opened_Date,,,,,
Contacts,Recent_Sales_Email_Replied_Date,,,,,
Contacts,Record_Creation_Source,API,API,,,
Contacts,Record_Creation_Source_ID,sample-contact,sample-contact,,,
Contacts,Record_Creation_Source_User_ID,,,,,
Contacts,Record_ID,1.000000,51.000000,,,
Contacts,Record_Source,INTERNAL_PROCESSING,INTERNAL_PROCESSING,,,
Contacts,Record_Source_Detail_1,,,,,
Contacts,Record_Source_Detail_2,,,,,
Contacts,Record_Source_Detail_3,,,,,
Contacts,Registered_At,,,,,
Contacts,Relationship_Status,,,,,
Contacts,Salutation,,,,,
Contacts,School,,,,,
Contacts,Secondary_Marina_s_,,,,,
Contacts,Sends_Since_Last_Engagement,,,,,
Contacts,Seniority,,,,,
Contacts,Should_be_shown_an_NPS_web_survey,,,,,
Contacts,Source_Object_ID,,,,,
Contacts,Source_Portal_ID,,,,,
Contacts,Source_of_last_booking_in_meetings_tool,,,,,
Contacts,Start_date,,,,,
Contacts,State/Region,QLD,MA,,,
Contacts,Status,,,,,
Contacts,Street_Address,,,,,
Contacts,SurveyMonkey_Event_Last_Updated,,,,,
Contacts,Tags,,,,,
Contacts,Time_First_Seen,1695240097011,1695240097459,,,
Contacts,Time_Last_Seen,,,,,
Contacts,Time_Zone,,,,,
Contacts,Time_between_contact_creation_and_deal_close,,,,,
Contacts,Time_between_contact_creation_and_deal_creation,,,,,
Contacts,Time_enrolled_in_registration_follow_up_emails,,,,,
Contacts,Time_in_'Customer__Lifecycle_Stage_Pipeline_',,,,,
Contacts,Time_in_'Evangelist__Lifecycle_Stage_Pipeline_',,,,,
Contacts,Time_in_'Lead__Lifecycle_Stage_Pipeline_',12777337774.000000,12777337317.000000,,,
Contacts,Time_in_'Marketing_Qualified_Lead__Lifecycle_Stage_Pipeline_',,,,,
Contacts,Time_in_'Opportunity__Lifecycle_Stage_Pipeline_',,,,,
Contacts,Time_in_'Other__Lifecycle_Stage_Pipeline_',,,,,
Contacts,Time_in_'Sales_Qualified_Lead__Lifecycle_Stage_Pipeline_',,,,,
Contacts,Time_in_'Subscriber__Lifecycle_Stage_Pipeline_',,,,,
Contacts,Time_of_First_Session,,,,,
Contacts,Time_of_Last_Session,,,,,
Contacts,Time_registration_email_was_sent,,,,,
Contacts,Time_to_move_from_lead_to_customer,,,,,
Contacts,Time_to_move_from_marketing_qualified_lead_to_customer,,,,,
Contacts,Time_to_move_from_opportunity_to_customer,,,,,
Contacts,Time_to_move_from_sales_qualified_lead_to_customer,,,,,
Contacts,Time_to_move_from_subscriber_to_customer,,,,,
Contacts,Total_Revenue,,,,,
Contacts,Twitter_Bio,,,,,
Contacts,Twitter_Clicks,0.000000,0.000000,,,
Contacts,Twitter_ID,,,,,
Contacts,Twitter_Profile_Photo,,https://pbs.twimg.com/profile_images/3491742741/212e42c07d3348251da10872e85aa6b0.jpeg,,,
Contacts,Twitter_Username,,bhalligan,,,
Contacts,Type_of_first_engagement,,,,,
Contacts,Unique_creation_key,,,,,
Contacts,Unsubscribed_from_all_email,,,,,
Contacts,UpdatedAt,1704818093756,1704818093756,,,
Contacts,Updated_by_user_ID,,,,,
Contacts,User_IDs_of_all_notification_followers,,,,,
Contacts,User_IDs_of_all_notification_unfollowers,,,,,
Contacts,User_IDs_of_all_owners,,,,,
Contacts,Webinar_Event_Last_Updated,,,,,
Contacts,Website_URL,http://www.HubSpot.com,http://www.HubSpot.com,,,
Contacts,WhatsApp_Phone_Number,,,,,
Contacts,Work_email,,,,,
Contacts,_Bahia_ReservationsExport20240123,,,,,
Contacts,googleplus_ID,,,,,
Contacts,last_sales_activity_date_old,,,,,
Contacts,testpurge,,,,,
Contacts,testrollback,,,,,
Deals,Id,16358805266,,,,
Deals,All_owner_ids,603392637,,,,
Deals,All_team_ids,38306810,,,,
Deals,All_teams,38306810,,,,
Deals,Amount,,,,,
Deals,Amount_in_company_currency,,,,,
Deals,Annual_contract_value,,,,,
Deals,Annual_recurring_revenue,,,,,
Deals,Archived,false,,,,
Deals,Business_units,,,,,
Deals,Campaign_of_last_booking_in_meetings_tool,,,,,
Deals,Close_Date,1704047731378,,,,
Deals,Closed_Deal_Amount,0.000000,,,,
Deals,Closed_Deal_Amount_In_Home_Currency,0.000000,,,,
Deals,Closed_Lost_Reason,,,,,
Deals,Closed_Won_Date__Internal_,,,,,
Deals,Closed_Won_Reason,,,,,
Deals,Create_Date,1701714935131,,,,
Deals,CreatedAt,1701714935131,,,,
Deals,Created_by_user_ID,48882436.000000,,,,
Deals,"Cumulative_time_in_""Appointment_Scheduled__Sales_Pipeline_""",,,,,
Deals,"Cumulative_time_in_""Closed_Lost__Sales_Pipeline_""",,,,,
Deals,"Cumulative_time_in_""Closed_Won__Sales_Pipeline_""",,,,,
Deals,"Cumulative_time_in_""Contract_Sent__Sales_Pipeline_""",,,,,
Deals,"Cumulative_time_in_""Decision_Maker_BoughtIn__Sales_Pipeline_""",,,,,
Deals,"Cumulative_time_in_""Presentation_Scheduled__Sales_Pipeline_""",,,,,
Deals,"Cumulative_time_in_""Qualified_To_Buy__Sales_Pipeline_""",,,,,
Deals,Currency,,,,,
Deals,"Date_entered_""Appointment_Scheduled__Sales_Pipeline_""",1701714935131,,,,
Deals,"Date_entered_""Closed_Lost__Sales_Pipeline_""",,,,,
Deals,"Date_entered_""Closed_Won__Sales_Pipeline_""",,,,,
Deals,"Date_entered_""Contract_Sent__Sales_Pipeline_""",,,,,
Deals,"Date_entered_""Decision_Maker_BoughtIn__Sales_Pipeline_""",,,,,
Deals,"Date_entered_""Presentation_Scheduled__Sales_Pipeline_""",,,,,
Deals,"Date_entered_""Qualified_To_Buy__Sales_Pipeline_""",,,,,
Deals,Date_entered_'Appointment_Scheduled__Sales_Pipeline_',1701714935131,,,,
Deals,Date_entered_'Closed_Lost__Sales_Pipeline_',,,,,
Deals,Date_entered_'Closed_Won__Sales_Pipeline_',,,,,
Deals,Date_entered_'Contract_Sent__Sales_Pipeline_',,,,,
Deals,Date_entered_'Decision_Maker_BoughtIn__Sales_Pipeline_',,,,,
Deals,Date_entered_'Presentation_Scheduled__Sales_Pipeline_',,,,,
Deals,Date_entered_'Qualified_To_Buy__Sales_Pipeline_',,,,,
Deals,"Date_exited_""Appointment_Scheduled__Sales_Pipeline_""",,,,,
Deals,"Date_exited_""Closed_Lost__Sales_Pipeline_""",,,,,
Deals,"Date_exited_""Closed_Won__Sales_Pipeline_""",,,,,
Deals,"Date_exited_""Contract_Sent__Sales_Pipeline_""",,,,,
Deals,"Date_exited_""Decision_Maker_BoughtIn__Sales_Pipeline_""",,,,,
Deals,"Date_exited_""Presentation_Scheduled__Sales_Pipeline_""",,,,,
Deals,"Date_exited_""Qualified_To_Buy__Sales_Pipeline_""",,,,,
Deals,Date_exited_'Appointment_Scheduled__Sales_Pipeline_',,,,,
Deals,Date_exited_'Closed_Lost__Sales_Pipeline_',,,,,
Deals,Date_exited_'Closed_Won__Sales_Pipeline_',,,,,
Deals,Date_exited_'Contract_Sent__Sales_Pipeline_',,,,,
Deals,Date_exited_'Decision_Maker_BoughtIn__Sales_Pipeline_',,,,,
Deals,Date_exited_'Presentation_Scheduled__Sales_Pipeline_',,,,,
Deals,Date_exited_'Qualified_To_Buy__Sales_Pipeline_',,,,,
Deals,Date_of_last_meeting_booked_in_meetings_tool,,,,,
Deals,Days_to_close,26.000000,,,,
Deals,Days_to_close__without_rounding_,26.999957,,,,
Deals,Deal_Collaborator,,,,,
Deals,Deal_Description,,,,,
Deals,Deal_Name,Reagan's Test Company - New Deal,,,,
Deals,Deal_Score,,,,,
Deals,Deal_Split_Added,false,,,,
Deals,Deal_Split_Users,,,,,
Deals,Deal_Stage,appointmentscheduled,,,,
Deals,Deal_Tags,,,,,
Deals,Deal_Type,,,,,
Deals,Deal_amount_calculation_preference,,,,,
Deals,Deal_owner,603392637,,,,
Deals,Deal_probability,0.200000,,,,
Deals,Deal_stage_probability_shadow,0.200000,,,,
Deals,Exchange_rate,,,,,
Deals,Forecast_amount,,,,,
Deals,Forecast_category,,,,,
Deals,Forecast_probability,,,,,
Deals,Global_Term_Line_Item_Discount_Percentage,,,,,
Deals,Global_Term_Line_Item_Discount_Percentage_Enabled,,,,,
Deals,Global_Term_Line_Item_Recurring_Billing_Frequency,,,,,
Deals,Global_Term_Line_Item_Recurring_Billing_Frequency_Enabled,,,,,
Deals,Global_Term_Line_Item_Recurring_Billing_Period,,,,,
Deals,Global_Term_Line_Item_Recurring_Billing_Period_Enabled,,,,,
Deals,Global_Term_Line_Item_Recurring_Billing_Start_Date,,,,,
Deals,Global_Term_Line_Item_Recurring_Billing_Start_Date_Enabled,,,,,
Deals,HubSpot_Campaign,,,,,
Deals,HubSpot_Create_Date,1701714935131,,,,
Deals,HubSpot_Team,38306810,,,,
Deals,Is_Active_Shared_Deal,false,,,,
Deals,Is_Closed_Won,false,,,,
Deals,Is_Closed_Won__numeric_,,,,,
Deals,Is_Deal_Closed?,false,,,,
Deals,Is_Open__numeric_,1.000000,,,,
Deals,Last_Activity_Date,,,,,
Deals,Last_Contacted,,,,,
Deals,Last_Modified_Date,1704215960267,,,,
Deals,Latest_Source,OFFLINE,,,,
Deals,Latest_Source_Company,OFFLINE,,,,
Deals,Latest_Source_Contact,OFFLINE,,,,
Deals,Latest_Source_Data_1,CRM_UI,,,,
Deals,Latest_Source_Data_1_Company,CRM_UI,,,,
Deals,Latest_Source_Data_1_Contact,CRM_UI,,,,
Deals,Latest_Source_Data_2,userId:48882436,,,,
Deals,Latest_Source_Data_2_Company,userId:48882436,,,,
Deals,Latest_Source_Data_2_Contact,userId:48882436,,,,
Deals,Latest_Source_Timestamp,1701714912654,,,,
Deals,Latest_Source_Timestamp_Company,,,,,
Deals,Latest_Source_Timestamp_Contact,1701714912654,,,,
Deals,Latest_meeting_activity,,,,,
Deals,"Latest_time_in_""Appointment_Scheduled__Sales_Pipeline_""",,,,,
Deals,"Latest_time_in_""Closed_Lost__Sales_Pipeline_""",,,,,
Deals,"Latest_time_in_""Closed_Won__Sales_Pipeline_""",,,,,
Deals,"Latest_time_in_""Contract_Sent__Sales_Pipeline_""",,,,,
Deals,"Latest_time_in_""Decision_Maker_BoughtIn__Sales_Pipeline_""",,,,,
Deals,"Latest_time_in_""Presentation_Scheduled__Sales_Pipeline_""",,,,,
Deals,"Latest_time_in_""Qualified_To_Buy__Sales_Pipeline_""",,,,,
Deals,Likelihood_to_close_by_the_close_date,,,,,
Deals,Medium_of_last_booking_in_meetings_tool,,,,,
Deals,Merged_Deal_IDs,,,,,
Deals,Monthly_recurring_revenue,,,,,
Deals,Next_Activity_Date,,,,,
Deals,Next_step,,,,,
Deals,Number_of_Active_Deal_Registrations,0.000000,,,,
Deals,Number_of_Associated_Contacts,1.000000,,,,
Deals,Number_of_Associated_Line_Items,0.000000,,,,
Deals,Number_of_Deal_Registrations,0.000000,,,,
Deals,Number_of_Deal_Splits,0.000000,,,,
Deals,Number_of_Sales_Activities,,,,,
Deals,Number_of_target_accounts,0.000000,,,,
Deals,Number_of_times_contacted,,,,,
Deals,Original_Source_Data_1,CRM_UI,,,,
Deals,Original_Source_Data_2,userId:48882436,,,,
Deals,Original_Source_Type,OFFLINE,,,,
Deals,Owner_Assigned_Date,1704215960267,,,,
Deals,Performed_in_an_import,,,,,
Deals,Pinned_Engagement_ID,,,,,
Deals,Pipeline,default,,,,
Deals,Priority,,,,,
Deals,Read_Only_Object,,,,,
Deals,Recent_Sales_Email_Replied_Date,,,,,
Deals,Record_Creation_Source,CRM_UI,,,,
Deals,Record_Creation_Source_ID,userId:48882436,,,,
Deals,Record_Creation_Source_User_ID,48882436.000000,,,,
Deals,Record_ID,16358805266.000000,,,,
Deals,Record_Source,CRM_UI,,,,
Deals,Record_Source_Detail_1,,,,,
Deals,Record_Source_Detail_2,,,,,
Deals,Record_Source_Detail_3,,,,,
Deals,Source_Object_ID,,,,,
Deals,Source_of_last_booking_in_meetings_tool,,,,,
Deals,The_predicted_deal_amount,,,,,
Deals,The_predicted_deal_amount_in_your_company's_currency,,,,,
Deals,Time_in_'Appointment_Scheduled__Sales_Pipeline_',6327006460.000000,,,,
Deals,Time_in_'Closed_Lost__Sales_Pipeline_',,,,,
Deals,Time_in_'Closed_Won__Sales_Pipeline_',,,,,
Deals,Time_in_'Contract_Sent__Sales_Pipeline_',,,,,
Deals,Time_in_'Decision_Maker_BoughtIn__Sales_Pipeline_',,,,,
Deals,Time_in_'Presentation_Scheduled__Sales_Pipeline_',,,,,
Deals,Time_in_'Qualified_To_Buy__Sales_Pipeline_',,,,,
Deals,Total_contract_value,,,,,
Deals,Unique_creation_key,,,,,
Deals,UpdatedAt,1704215960267,,,,
Deals,Updated_by_user_ID,44768650.000000,,,,
Deals,User_IDs_of_all_notification_followers,,,,,
Deals,User_IDs_of_all_notification_unfollowers,,,,,
Deals,User_IDs_of_all_owners,44768650,,,,
Deals,Weighted_amount,0.000000,,,,
Deals,Weighted_amount_in_company_currency,0.000000,,,,
Owners,Id,592318728,592349970,,,
Owners,Archived,false,false,,,
Owners,CreatedAt,1698675566481,1698675602972,,,
Owners,Email,erik.johnson@suntex.com,doncina@suntex.com,,,
Owners,FirstName,Erik,Danny,,,
Owners,LastName,Johnson,Oncina,,,
Owners,Teams,"[
  {
    ""id"": ""40590399"",
    ""name"": ""Home Office Marketing Team"",
    ""primary"": true
  },
  {
    ""id"": ""41438310"",
    ""name"": ""Corporate Team"",
    ""primary"": false
  }
]","[
  {
    ""id"": ""38489647"",
    ""name"": ""Central"",
    ""primary"": true
  },
  {
    ""id"": ""40923307"",
    ""name"": ""Allatoona Landing"",
    ""primary"": false
  },
  {
    ""id"": ""38027836"",
    ""name"": ""Florida"",
    ""primary"": false
  },
  {
    ""id"": ""40885864"",
    ""name"": ""Garrison Bight"",
    ""primary"": false
  },
  {
    ""id"": ""40885860"",
    ""name"": ""Faro Blacno"",
    ""primary"": false
  },
  {
    ""id"": ""40886911"",
    ""name"": ""Marina Jack"",
    ""primary"": false
  },
  {
    ""id"": ""40621439"",
    ""name"": ""Little Harbor"",
    ""primary"": false
  },
  {
    ""id"": ""40886907"",
    ""name"": ""Legendary"",
    ""primary"": false
  },
  {
    ""id"": ""40886010"",
    ""name"": ""Hall Of Fame"",
    ""primary"": false
  },
  {
    ""id"": ""40923626"",
    ""name"": ""Mariner's Cove "",
    ""primary"": false
  },
  {
    ""id"": ""40887408"",
    ""name"": ""Seahaven"",
    ""primary"": false
  },
  {
    ""id"": ""40887374"",
    ""name"": ""Ocean View"",
    ""primary"": false
  },
  {
    ""id"": ""40886725"",
    ""name"": ""Haulover Marine Center"",
    ""primary"": false
  },
  {
    ""id"": ""40886722"",
    ""name"": ""Harbour Towne"",
    ""primary"": false
  },
  {
    ""id"": ""40886736"",
    ""name"": ""Las Olas"",
    ""primary"": false
  },
  {
    ""id"": ""40887468"",
    ""name"": ""Snook Bight"",
    ""primary"": false
  },
  {
    ""id"": ""40884768"",
    ""name"": ""Bayfront Yacht Works"",
    ""primary"": false
  },
  {
    ""id"": ""40885681"",
    ""name"": ""Caloosa Cove"",
    ""primary"": false
  },
  {
    ""id"": ""40887694"",
    ""name"": ""Sunrise Harbor"",
    ""primary"": false
  },
  {
    ""id"": ""40886912"",
    ""name"": ""Miami Beach"",
    ""primary"": false
  },
  {
    ""id"": ""40884763"",
    ""name"": ""Bahia Mar"",
    ""primary"": false
  },
  {
    ""id"": ""40885654"",
    ""name"": ""Bayshore Landing "",
    ""primary"": false
  },
  {
    ""id"": ""38490630"",
    ""name"": ""Northeast"",
    ""primary"": false
  },
  {
    ""id"": ""41069823"",
    ""name"": ""Sunset Harbor"",
    ""primary"": false
  },
  {
    ""id"": ""41069807"",
    ""name"": ""Saylorville"",
    ""primary"": false
  },
  {
    ""id"": ""41069805"",
    ""name"": ""Red Rock"",
    ""primary"": false
  },
  {
    ""id"": ""41069765"",
    ""name"": ""Pleasure Cove"",
    ""primary"": false
  },
  {
    ""id"": ""41069749"",
    ""name"": ""North Point"",
    ""primary"": false
  },
  {
    ""id"": ""41069755"",
    ""name"": ""Ocean Yacht"",
    ""primary"": false
  },
  {
    ""id"": ""41069734"",
    ""name"": ""Key Harbor"",
    ""primary"": false
  },
  {
    ""id"": ""41069713"",
    ""name"": ""Channel Club"",
    ""primary"": false
  },
  {
    ""id"": ""41069718"",
    ""name"": ""Liberty Landing"",
    ""primary"": false
  },
  {
    ""id"": ""41069723"",
    ""name"": ""Tidewater"",
    ""primary"": false
  },
  {
    ""id"": ""41069726"",
    ""name"": ""York River "",
    ""primary"": false
  },
  {
    ""id"": ""41069727"",
    ""name"": ""Green Cove"",
    ""primary"": false
  },
  {
    ""id"": ""41069724"",
    ""name"": ""Fair Haven"",
    ""primary"": false
  },
  {
    ""id"": ""41438310"",
    ""name"": ""Corporate Team"",
    ""primary"": false
  },
  {
    ""id"": ""40590399"",
    ""name"": ""Home Office Marketing Team"",
    ""primary"": false
  },
  {
    ""id"": ""38027594"",
    ""name"": ""Southeast"",
    ""primary"": false
  },
  {
    ""id"": ""41069817"",
    ""name"": ""Sunrise Cove"",
    ""primary"": false
  },
  {
    ""id"": ""40923647"",
    ""name"": ""State Dock"",
    ""primary"": false
  },
  {
    ""id"": ""40923568"",
    ""name"": ""Hurricane"",
    ""primary"": false
  },
  {
    ""id"": ""40923575"",
    ""name"": ""Kentucky Dam"",
    ""primary"": false
  },
  {
    ""id"": ""40657700"",
    ""name"": ""CrossTimbers"",
    ""primary"": false
  },
  {
    ""id"": ""40923578"",
    ""name"": ""Laurel"",
    ""primary"": false
  },
  {
    ""id"": ""40923579"",
    ""name"": ""Lazy Days At Holiday"",
    ""primary"": false
  },
  {
    ""id"": ""40923581"",
    ""name"": ""Little River"",
    ""primary"": false
  },
  {
    ""id"": ""40923567"",
    ""name"": ""Holidays On Lake Lanier"",
    ""primary"": false
  },
  {
    ""id"": ""40920081"",
    ""name"": ""Glade"",
    ""primary"": false
  },
  {
    ""id"": ""40925450"",
    ""name"": ""Wolf Creek"",
    ""primary"": false
  },
  {
    ""id"": ""40587605"",
    ""name"": ""TX - Eagle Mountain Marinas"",
    ""primary"": false
  },
  {
    ""id"": ""40627755"",
    ""name"": ""TX - Canyon-Cranes"",
    ""primary"": false
  },
  {
    ""id"": ""40627760"",
    ""name"": ""MO - Port of Kimberling"",
    ""primary"": false
  },
  {
    ""id"": ""40587547"",
    ""name"": ""TX - Captains-Chandlers"",
    ""primary"": false
  },
  {
    ""id"": ""40627221"",
    ""name"": ""TX - Lynn Creek"",
    ""primary"": false
  }
]",,,
Owners,UpdatedAt,1704742760008,1698677349393,,,
Owners,UserId,61494421,61494438,,,
